"Область";"Население, человек";"Дата"
"Абайская";"591903";"01.08.2026"
"Акмолинская";"793929";"01.08.2026"
"Актюбинская";"958622";"01.08.2026"
"Алматинская";"1614234";"01.08.2026"
"Атырауская";"718501";"01.08.2026"
"Восточно-Казахстанская";"716049";"01.08.2026"
"Жамбылская";"1211705";"01.08.2026"
"Жетысуская";"683995";"01.08.2026"
"Западно-Казахстанская";"694590";"01.08.2026"
"Карагандинская";"1130313";"01.08.2026"
"Костанайская";"819117";"01.08.2026"
"Кызылординская";"845467";"01.08.2026"
"Мангистауская";"825778";"01.08.2026"
"Павлодарская";"742752";"01.08.2026"
"Северо-Казахстанская";"511455";"01.08.2026"
"Туркестанская";"2144993";"01.08.2026"
"Улытауская";"217670";"01.08.2026"